Theta1,Theta1_dot, Theta2, Theta2_dot
3.140593,-0.000037,3.141593,0.000074
3.140592,-0.000074,3.141593,0.000147
3.140592,-0.000110,3.141594,0.000221
3.140591,-0.000147,3.141595,0.000295
3.140590,-0.000184,3.141597,0.000368
3.140589,-0.000221,3.141599,0.000443
3.140588,-0.000258,3.141601,0.000517
3.140587,-0.000294,3.141604,0.000591
3.140585,-0.000331,3.141607,0.000666
3.140584,-0.000368,3.141611,0.000742
3.140582,-0.000405,3.141615,0.000817
3.140580,-0.000442,3.141619,0.000893
3.140577,-0.000479,3.141624,0.000970
3.140575,-0.000516,3.141629,0.001047
3.140572,-0.000553,3.141634,0.001124
3.140569,-0.000590,3.141640,0.001203
3.140566,-0.000627,3.141646,0.001281
3.140563,-0.000664,3.141653,0.001361
3.140560,-0.000701,3.141660,0.001441
3.140556,-0.000738,3.141667,0.001522
3.140552,-0.000776,3.141675,0.001604
3.140548,-0.000813,3.141683,0.001687
3.140544,-0.000850,3.141692,0.001770
3.140540,-0.000888,3.141701,0.001855
3.140535,-0.000925,3.141710,0.001940
3.140530,-0.000963,3.141720,0.002027
3.140525,-0.001000,3.141731,0.002114
3.140520,-0.001038,3.141742,0.002203
3.140515,-0.001075,3.141753,0.002293
3.140510,-0.001113,3.141765,0.002384
3.140504,-0.001151,3.141777,0.002477
3.140498,-0.001188,3.141789,0.002570
3.140492,-0.001226,3.141803,0.002666
3.140486,-0.001264,3.141816,0.002762
3.140479,-0.001302,3.141830,0.002860
3.140473,-0.001340,3.141845,0.002960
3.140466,-0.001378,3.141860,0.003061
3.140459,-0.001417,3.141876,0.003163
3.140452,-0.001455,3.141892,0.003268
3.140444,-0.001493,3.141908,0.003374
3.140437,-0.001532,3.141926,0.003482
3.140429,-0.001570,3.141943,0.003591
3.140421,-0.001609,3.141962,0.003703
3.140413,-0.001647,3.141981,0.003816
3.140404,-0.001686,3.142000,0.003932
3.140396,-0.001724,3.142020,0.004049
3.140387,-0.001763,3.142041,0.004169
3.140378,-0.001802,3.142062,0.004291
3.140369,-0.001841,3.142084,0.004415
3.140360,-0.001880,3.142106,0.004541
3.140350,-0.001919,3.142129,0.004670
3.140340,-0.001958,3.142153,0.004801
3.140330,-0.001998,3.142177,0.004935
3.140320,-0.002037,3.142203,0.005071
3.140310,-0.002076,3.142228,0.005209
3.140299,-0.002116,3.142255,0.005351
3.140289,-0.002155,3.142282,0.005495
3.140278,-0.002195,3.142310,0.005642
3.140267,-0.002234,3.142339,0.005791
3.140255,-0.002274,3.142368,0.005944
3.140244,-0.002313,3.142398,0.006100
3.140232,-0.002353,3.142429,0.006259
3.140220,-0.002393,3.142461,0.006420
3.140208,-0.002433,3.142494,0.006586
3.140196,-0.002473,3.142527,0.006754
3.140183,-0.002513,3.142562,0.006926
3.140170,-0.002553,3.142597,0.007101
3.140157,-0.002593,3.142633,0.007280
3.140144,-0.002633,3.142670,0.007462
3.140131,-0.002673,3.142708,0.007648
3.140117,-0.002713,3.142747,0.007838
3.140104,-0.002753,3.142787,0.008032
3.140090,-0.002793,3.142828,0.008230
3.140076,-0.002833,3.142869,0.008431
3.140061,-0.002873,3.142912,0.008637
3.140047,-0.002914,3.142956,0.008847
3.140032,-0.002954,3.143001,0.009062
3.140017,-0.002994,3.143047,0.009280
3.140002,-0.003034,3.143094,0.009504
3.139987,-0.003074,3.143143,0.009732
3.139971,-0.003114,3.143192,0.009964
3.139955,-0.003154,3.143243,0.010201
3.139939,-0.003194,3.143295,0.010444
3.139923,-0.003234,3.143348,0.010691
3.139907,-0.003274,3.143402,0.010943
3.139890,-0.003314,3.143458,0.011201
3.139873,-0.003354,3.143514,0.011464
3.139856,-0.003393,3.143573,0.011732
3.139839,-0.003433,3.143632,0.012006
3.139822,-0.003472,3.143693,0.012285
3.139804,-0.003512,3.143756,0.012570
3.139787,-0.003551,3.143820,0.012861
3.139769,-0.003590,3.143885,0.013159
3.139751,-0.003629,3.143952,0.013462
3.139732,-0.003668,3.144020,0.013771
3.139714,-0.003707,3.144090,0.014087
3.139695,-0.003745,3.144162,0.014410
3.139676,-0.003783,3.144235,0.014739
3.139657,-0.003821,3.144310,0.015075
3.139638,-0.003859,3.144386,0.015418
3.139618,-0.003897,3.144464,0.015767
3.139598,-0.003934,3.144545,0.016125
3.139578,-0.003972,3.144626,0.016489
3.139558,-0.004008,3.144710,0.016861
3.139538,-0.004045,3.144796,0.017240
3.139518,-0.004081,3.144883,0.017628
3.139497,-0.004117,3.144973,0.018023
3.139476,-0.004153,3.145064,0.018427
3.139455,-0.004188,3.145158,0.018838
3.139434,-0.004223,3.145254,0.019258
3.139413,-0.004257,3.145351,0.019687
3.139391,-0.004292,3.145451,0.020125
3.139370,-0.004325,3.145554,0.020571
3.139348,-0.004358,3.145658,0.021027
3.139326,-0.004391,3.145765,0.021492
3.139304,-0.004423,3.145874,0.021966
3.139281,-0.004455,3.145986,0.022450
3.139259,-0.004486,3.146100,0.022944
3.139236,-0.004517,3.146216,0.023448
3.139213,-0.004547,3.146335,0.023963
3.139191,-0.004576,3.146457,0.024487
3.139167,-0.004605,3.146581,0.025023
3.139144,-0.004633,3.146708,0.025569
3.139121,-0.004660,3.146838,0.026126
3.139097,-0.004686,3.146971,0.026695
3.139074,-0.004712,3.147106,0.027275
3.139050,-0.004737,3.147245,0.027867
3.139026,-0.004761,3.147386,0.028470
3.139002,-0.004785,3.147531,0.029086
3.138978,-0.004807,3.147678,0.029715
3.138954,-0.004829,3.147829,0.030356
3.138929,-0.004849,3.147983,0.031010
3.138905,-0.004869,3.148141,0.031677
3.138880,-0.004887,3.148301,0.032357
3.138856,-0.004905,3.148466,0.033051
3.138831,-0.004921,3.148633,0.033759
3.138806,-0.004936,3.148805,0.034481
3.138781,-0.004950,3.148980,0.035218
3.138756,-0.004963,3.149159,0.035969
3.138731,-0.004974,3.149341,0.036736
3.138706,-0.004984,3.149528,0.037517
3.138681,-0.004993,3.149718,0.038315
3.138656,-0.005001,3.149913,0.039128
3.138631,-0.005007,3.150111,0.039957
3.138606,-0.005011,3.150314,0.040803
3.138580,-0.005014,3.150521,0.041666
3.138555,-0.005015,3.150733,0.042545
3.138530,-0.005014,3.150949,0.043442
3.138505,-0.005012,3.151169,0.044357
3.138479,-0.005008,3.151394,0.045290
3.138454,-0.005003,3.151624,0.046242
3.138429,-0.004995,3.151859,0.047212
3.138404,-0.004985,3.152098,0.048202
3.138379,-0.004973,3.152343,0.049210
3.138354,-0.004960,3.152593,0.050239
3.138329,-0.004944,3.152848,0.051288
3.138304,-0.004926,3.153108,0.052358
3.138279,-0.004905,3.153374,0.053449
3.138255,-0.004883,3.153645,0.054561
3.138230,-0.004857,3.153922,0.055694
3.138206,-0.004830,3.154205,0.056850
3.138182,-0.004799,3.154493,0.058029
3.138157,-0.004767,3.154788,0.059231
3.138134,-0.004731,3.155088,0.060456
3.138110,-0.004692,3.155395,0.061705
3.138086,-0.004651,3.155708,0.062978
3.138063,-0.004607,3.156028,0.064277
3.138040,-0.004559,3.156354,0.065600
3.138017,-0.004509,3.156687,0.066949
3.137994,-0.004455,3.157027,0.068325
3.137972,-0.004398,3.157373,0.069727
3.137950,-0.004337,3.157727,0.071156
3.137928,-0.004273,3.158088,0.072613
3.137907,-0.004205,3.158457,0.074098
3.137886,-0.004134,3.158833,0.075612
3.137865,-0.004059,3.159216,0.077155
3.137845,-0.003979,3.159608,0.078728
3.137825,-0.003896,3.160007,0.080331
3.137806,-0.003808,3.160415,0.081965
3.137787,-0.003717,3.160831,0.083631
3.137768,-0.003620,3.161255,0.085328
3.137750,-0.003519,3.161688,0.087058
3.137733,-0.003414,3.162130,0.088822
3.137716,-0.003304,3.162581,0.090619
3.137699,-0.003189,3.163040,0.092451
3.137684,-0.003068,3.163509,0.094317
3.137668,-0.002943,3.163988,0.096220
3.137654,-0.002812,3.164476,0.098159
3.137640,-0.002676,3.164974,0.100135
3.137627,-0.002534,3.165482,0.102148
3.137614,-0.002387,3.166001,0.104200
3.137603,-0.002233,3.166529,0.106291
3.137592,-0.002074,3.167069,0.108422
3.137582,-0.001908,3.167619,0.110593
3.137572,-0.001736,3.168180,0.112806
3.137564,-0.001557,3.168752,0.115060
3.137556,-0.001372,3.169336,0.117357
3.137550,-0.001180,3.169931,0.119698
3.137544,-0.000980,3.170538,0.122083
3.137540,-0.000774,3.171158,0.124514
3.137536,-0.000560,3.171790,0.126990
3.137534,-0.000338,3.172434,0.129513
3.137533,-0.000108,3.173091,0.132084
3.137533,0.000129,3.173761,0.134703
3.137534,0.000375,3.174444,0.137371
3.137536,0.000630,3.175141,0.140090
3.137540,0.000893,3.175852,0.142859
3.137545,0.001164,3.176577,0.145681
3.137551,0.001445,3.177316,0.148556
3.137559,0.001736,3.178069,0.151485
3.137569,0.002035,3.178838,0.154468
3.137580,0.002345,3.179621,0.157508
3.137592,0.002665,3.180420,0.160604
3.137606,0.002995,3.181235,0.163758
3.137622,0.003335,3.182066,0.166971
3.137639,0.003687,3.182913,0.170244
3.137659,0.004049,3.183776,0.173579
3.137680,0.004423,3.184657,0.176975
3.137703,0.004808,3.185555,0.180434
3.137728,0.005205,3.186470,0.183958
3.137755,0.005615,3.187403,0.187548
3.137784,0.006037,3.188354,0.191204
3.137815,0.006471,3.189324,0.194928
3.137849,0.006919,3.190313,0.198720
3.137884,0.007380,3.191321,0.202584
3.137922,0.007855,3.192349,0.206518
3.137963,0.008344,3.193396,0.210526
3.138006,0.008848,3.194464,0.214608
3.138052,0.009366,3.195552,0.218764
3.138100,0.009899,3.196662,0.222998
3.138151,0.010448,3.197793,0.227310
3.138204,0.011012,3.198946,0.231701
3.138261,0.011593,3.200121,0.236173
3.138321,0.012190,3.201319,0.240727
3.138383,0.012804,3.202540,0.245365
3.138449,0.013436,3.203785,0.250088
3.138518,0.014085,3.205053,0.254897
3.138590,0.014753,3.206346,0.259795
3.138666,0.015439,3.207664,0.264783
3.138745,0.016144,3.209007,0.269861
3.138827,0.016869,3.210375,0.275033
3.138914,0.017614,3.211770,0.280299
3.139004,0.018379,3.213192,0.285661
3.139098,0.019165,3.214641,0.291121
3.139196,0.019972,3.216117,0.296680
3.139298,0.020801,3.217622,0.302341
3.139405,0.021653,3.219155,0.308104
3.139516,0.022527,3.220718,0.313972
3.139631,0.023425,3.222310,0.319947
3.139750,0.024346,3.223933,0.326030
3.139875,0.025293,3.225586,0.332224
3.140004,0.026264,3.227271,0.338529
3.140138,0.027261,3.228988,0.344949
3.140278,0.028284,3.230737,0.351485
3.140422,0.029333,3.232520,0.358139
3.140572,0.030411,3.234336,0.364912
3.140727,0.031516,3.236187,0.371808
3.140888,0.032650,3.238072,0.378828
3.141055,0.033813,3.239993,0.385975
3.141227,0.035006,3.241951,0.393250
3.141406,0.036230,3.243945,0.400655
3.141591,0.037485,3.245977,0.408194
3.141782,0.038772,3.248047,0.415868
3.141980,0.040092,3.250156,0.423679
3.142184,0.041446,3.252304,0.431629
3.142396,0.042833,3.254493,0.439722
3.142614,0.044256,3.256723,0.447960
3.142840,0.045714,3.258995,0.456344
3.143073,0.047209,3.261309,0.464878
3.143314,0.048742,3.263666,0.473564
3.143562,0.050313,3.266068,0.482404
3.143818,0.051922,3.268514,0.491402
3.144083,0.053572,3.271006,0.500559
3.144356,0.055263,3.273544,0.509878
3.144638,0.056995,3.276129,0.519363
3.144928,0.058770,3.278763,0.529015
3.145228,0.060589,3.281445,0.538838
3.145536,0.062452,3.284178,0.548834
3.145854,0.064361,3.286961,0.559007
3.146182,0.066316,3.289795,0.569359
3.146520,0.068319,3.292682,0.579893
3.146868,0.070370,3.295623,0.590612
3.147226,0.072472,3.298617,0.601519
3.147595,0.074624,3.301668,0.612617
3.147975,0.076828,3.304774,0.623910
3.148367,0.079085,3.307937,0.635400
3.148769,0.081396,3.311159,0.647090
3.149184,0.083763,3.314440,0.658985
3.149610,0.086187,3.317782,0.671087
3.150049,0.088668,3.321184,0.683399
3.150500,0.091209,3.324649,0.695925
3.150964,0.093810,3.328178,0.708669
3.151442,0.096472,3.331771,0.721633
3.151933,0.099198,3.335430,0.734821
3.152438,0.101989,3.339156,0.748237
3.152957,0.104845,3.342949,0.761885
3.153490,0.107769,3.346812,0.775767
3.154038,0.110761,3.350746,0.789888
3.154602,0.113824,3.354750,0.804252
3.155181,0.116959,3.358828,0.818861
3.155776,0.120167,3.362980,0.833720
3.156387,0.123450,3.367207,0.848833
3.157015,0.126810,3.371510,0.864204
3.157660,0.130248,3.375892,0.879836
3.158323,0.133767,3.380353,0.895734
3.159003,0.137367,3.384894,0.911901
3.159702,0.141051,3.389517,0.928341
3.160419,0.144820,3.394224,0.945059
3.161156,0.148676,3.399015,0.962059
3.161912,0.152622,3.403893,0.979345
3.162688,0.156659,3.408858,0.996920
3.163485,0.160789,3.413912,1.014790
3.164302,0.165014,3.419057,1.032958
3.165141,0.169336,3.424294,1.051428
3.166002,0.173758,3.429624,1.070206
3.166886,0.178281,3.435050,1.089294
3.167792,0.182908,3.440572,1.108699
3.168722,0.187641,3.446193,1.128423
3.169676,0.192483,3.451914,1.148472
3.170654,0.197435,3.457736,1.168849
3.171658,0.202500,3.463661,1.189560
3.172687,0.207681,3.469692,1.210608
3.173743,0.212980,3.475829,1.231998
3.174825,0.218399,3.482075,1.253735
3.175935,0.223942,3.488431,1.275823
3.177074,0.229611,3.494898,1.298266
3.178241,0.235409,3.501480,1.321069
3.179437,0.241339,3.508177,1.344237
3.180663,0.247403,3.514991,1.367773
3.181921,0.253605,3.521925,1.391683
3.183209,0.259947,3.528980,1.415970
3.184530,0.266433,3.536158,1.440639
3.185884,0.273066,3.543461,1.465694
3.187271,0.279849,3.550891,1.491140
3.188693,0.286785,3.558450,1.516981
3.190150,0.293878,3.566140,1.543221
3.191643,0.301131,3.573962,1.569865
3.193173,0.308548,3.581920,1.596916
3.194741,0.316133,3.590015,1.624378
3.196347,0.323888,3.598249,1.652256
3.197992,0.331818,3.606625,1.680553
3.199677,0.339927,3.615143,1.709274
3.201404,0.348219,3.623808,1.738421
3.203173,0.356697,3.632620,1.767999
3.204984,0.365367,3.641582,1.798011
3.206840,0.374231,3.650696,1.828461
3.208741,0.383295,3.659964,1.859351
3.210687,0.392563,3.669389,1.890685
3.212681,0.402039,3.678972,1.922465
3.214723,0.411728,3.688717,1.954695
3.216814,0.421635,3.698625,1.987377
3.218955,0.431765,3.708698,2.020513
3.221147,0.442122,3.718940,2.054106
3.223392,0.452712,3.729351,2.088157
3.225691,0.463540,3.739935,2.122668
3.228044,0.474610,3.750694,2.157641
3.230454,0.485930,3.761630,2.193077
3.232921,0.497503,3.772746,2.228977
3.235447,0.509336,3.784044,2.265341
3.238032,0.521434,3.795526,2.302170
3.240680,0.533803,3.807194,2.339464
3.243389,0.546450,3.819051,2.377222
3.246163,0.559380,3.831100,2.415443
3.249003,0.572600,3.843342,2.454127
3.251909,0.586116,3.855781,2.493272
3.254884,0.599934,3.868417,2.532876
3.257929,0.614061,3.881254,2.572936
3.261045,0.628504,3.894295,2.613450
3.264235,0.643270,3.907540,2.654414
3.267500,0.658366,3.920993,2.695823
3.270841,0.673798,3.934655,2.737675
3.274260,0.689575,3.948530,2.779963
3.277759,0.705703,3.962619,2.822682
3.281340,0.722190,3.976924,2.865825
3.285004,0.739044,3.991447,2.909385
3.288754,0.756272,4.006192,2.953356
3.292591,0.773882,4.021159,2.997727
3.296517,0.791883,4.036350,3.042491
3.300535,0.810282,4.051768,3.087637
3.304645,0.829088,4.067415,3.133155
3.308851,0.848308,4.083293,3.179032
3.313154,0.867952,4.099402,3.225257
3.317557,0.888027,4.115746,3.271816
3.322061,0.908543,4.132325,3.318694
3.326669,0.929508,4.149142,3.365876
3.331383,0.950931,4.166197,3.413346
3.336206,0.972820,4.183493,3.461087
3.341139,0.995184,4.201031,3.509079
3.346186,1.018033,4.218811,3.557303
3.351348,1.041375,4.236835,3.605737
3.356629,1.065218,4.255104,3.654361
3.362030,1.089573,4.273620,3.703150
3.367554,1.114447,4.292382,3.752079
3.373205,1.139851,4.311392,3.801122
3.378983,1.165791,4.330649,3.850252
3.384894,1.192278,4.350156,3.899440
3.390938,1.219321,4.369910,3.948655
3.397118,1.246926,4.389914,3.997865
3.403439,1.275104,4.410167,4.047035
3.409902,1.303863,4.430668,4.096131
3.416510,1.333210,4.451417,4.145116
3.423267,1.363154,4.472414,4.193950
3.430175,1.393702,4.493657,4.242592
3.437238,1.424863,4.515146,4.291000
3.444458,1.456643,4.536879,4.339129
3.451839,1.489050,4.558856,4.386933
3.459384,1.522089,4.581074,4.434362
3.467096,1.555769,4.603531,4.481366
3.474978,1.590095,4.626225,4.527891
3.483034,1.625071,4.649154,4.573883
3.491266,1.660705,4.672314,4.619284
3.499679,1.697000,4.695704,4.664033
3.508275,1.733962,4.719319,4.708069
3.517058,1.771593,4.743155,4.751326
3.526031,1.809897,4.767210,4.793737
3.535197,1.848878,4.791478,4.835233
3.544561,1.888536,4.815954,4.875740
3.554124,1.928875,4.840634,4.915184
3.563892,1.969895,4.865512,4.953487
3.573867,2.011596,4.890583,4.990568
3.584053,2.053979,4.915839,5.026343
3.594452,2.097042,4.941275,5.060728
3.605070,2.140783,4.966883,5.093632
3.615908,2.185201,4.992655,5.124964
3.626970,2.230292,5.018584,5.154629
3.638261,2.276052,5.044661,5.182530
3.649782,2.322478,5.070877,5.208567
3.661538,2.369562,5.097222,5.232636
3.673532,2.417300,5.123687,5.254632
3.685767,2.465685,5.150261,5.274445
3.698246,2.514708,5.176932,5.291965
3.710973,2.564362,5.203689,5.307076
3.723951,2.614636,5.230520,5.319661
3.737183,2.665521,5.257412,5.329602
3.750671,2.717006,5.284351,5.336775
3.764420,2.769079,5.311324,5.341055
3.778432,2.821727,5.338315,5.342315
3.792709,2.874937,5.365309,5.340424
3.807255,2.928695,5.392290,5.335249
3.822073,2.982985,5.419242,5.326656
3.837165,3.037792,5.446147,5.314507
3.852534,3.093098,5.472987,5.298662
3.868181,3.148886,5.499743,5.278978
3.884111,3.205138,5.526397,5.255311
3.900325,3.261833,5.552926,5.227514
3.916825,3.318951,5.579312,5.195437
3.933613,3.376471,5.605531,5.158930
3.950692,3.434370,5.631562,5.117837
3.968063,3.492624,5.657381,5.072004
3.985728,3.551209,5.682964,5.021272
4.003690,3.610098,5.708287,4.965480
4.021948,3.669265,5.733324,4.904467
4.040505,3.728680,5.758048,4.838066
4.059362,3.788314,5.782432,4.766111
4.078520,3.848136,5.806448,4.688433
4.097980,3.908112,5.830067,4.604862
4.117743,3.968208,5.853259,4.515225
4.137809,4.028387,5.875994,4.419348
4.158179,4.088610,5.898239,4.317057
4.178852,4.148839,5.919964,4.208175
4.199830,4.209029,5.941133,4.092527
4.221111,4.269137,5.961713,3.969939
4.242695,4.329115,5.981669,3.840237
4.264582,4.388915,6.000965,3.703249
4.286770,4.448485,6.019565,3.558808
4.309259,4.507771,6.037429,3.406752
4.332047,4.566716,6.054520,3.246926
4.355132,4.625262,6.070799,3.079184
4.378511,4.683348,6.086226,2.903391
4.402184,4.740909,6.100759,2.719428
4.426146,4.797882,6.114359,2.527189
4.450396,4.854198,6.126982,2.326594
4.474929,4.909791,6.138587,2.117585
4.499741,4.964591,6.149131,1.900131
4.524830,5.018529,6.158572,1.674237
4.550189,5.071537,6.166867,1.439946
4.575816,5.123548,6.173974,1.197343
4.601703,5.174496,6.179852,0.946561
4.627847,5.224321,6.184458,0.687787
4.654241,5.272965,6.187753,0.421268
4.680879,5.320378,6.189698,0.147314
4.707754,5.366517,6.190257,-0.133699
4.734862,5.411347,6.189393,-0.421320
4.762193,5.454843,6.187073,-0.715023
4.789743,5.496990,6.183268,-1.014206
4.817504,5.537788,6.177951,-1.318186
4.845469,5.577249,6.171097,-1.626203
4.873631,5.615398,6.162688,-1.937415
4.901983,5.652275,6.152707,-2.250907
4.930520,5.687933,6.141145,-2.565687
4.959235,5.722438,6.127996,-2.880696
4.988122,5.755868,6.113259,-3.194805
5.017176,5.788314,6.096940,-3.506826
5.046392,5.819873,6.079050,-3.815515
5.075765,5.850648,6.059609,-4.119573
5.105292,5.880750,6.038640,-4.417655
5.134968,5.910288,6.016174,-4.708372
5.164792,5.939374,5.992251,-4.990297
5.194761,5.968115,5.966916,-5.261969
5.224873,5.996617,5.940221,-5.521898
5.255128,6.024980,5.912228,-5.768572
5.285524,6.053296,5.883004,-6.000463
5.316062,6.081653,5.852625,-6.216040
5.346742,6.110132,5.821176,-6.413775
5.377564,6.138809,5.788746,-6.592159
5.408530,6.167753,5.755436,-6.749717
5.439641,6.197030,5.721350,-6.885023
5.470898,6.226702,5.686603,-6.996716
5.502305,6.256829,5.651314,-7.083521
5.533863,6.287469,5.615609,-7.144260
5.565574,6.318681,5.579622,-7.177875
5.597442,6.350521,5.543489,-7.183436
5.629471,6.383045,5.507353,-7.160153
5.661662,6.416306,5.471358,-7.107388
5.694021,6.450353,5.435656,-7.024649
5.726551,6.485230,5.400395,-6.911601
5.759256,6.520972,5.365731,-6.768056
5.792141,6.557596,5.331815,-6.593965
5.825210,6.595105,5.298803,-6.389418
5.858466,6.633476,5.266848,-6.154626
5.891915,6.672654,5.236101,-5.889919
5.925561,6.712550,5.206713,-5.595738
5.959406,6.753032,5.178832,-5.272629
5.993453,6.793920,5.152603,-4.921245
6.027704,6.834981,5.128168,-4.542353
6.062160,6.875929,5.105664,-4.136837
6.096819,6.916423,5.085224,-3.705710
6.131679,6.956065,5.066977,-3.250128
6.166735,6.994412,5.051043,-2.771396
6.201980,7.030974,5.037538,-2.270978
6.237404,7.065228,5.026569,-1.750501
6.272996,7.096628,5.018236,-1.211745
6.308741,7.124615,5.012628,-0.656636
6.344622,7.148628,5.009826,-0.087220
6.380617,7.168120,5.009901,0.494358
6.416703,7.182562,5.012910,1.085890
6.452856,7.191456,5.018903,1.685143
6.489046,7.194343,5.027916,2.289892
6.525244,7.190801,5.039975,2.897958
6.561417,7.180455,5.055094,3.507243
6.597530,7.162972,5.073279,4.115752
6.633547,7.138063,5.094524,4.721620
6.669432,7.105480,5.118814,5.323126
6.705144,7.065012,5.146126,5.918707
6.740646,7.016483,5.176429,6.506958
6.775895,6.959749,5.209685,7.086639
6.810851,6.894696,5.245851,7.656670
6.845472,6.821233,5.284876,8.216130
6.879716,6.739300,5.326707,8.764252
6.913540,6.648860,5.371287,9.300419
6.946902,6.549905,5.418554,9.824158
6.979758,6.442458,5.468447,10.335140
7.012067,6.326577,5.520900,10.833177
7.043785,6.202359,5.575848,11.318218
7.074872,6.069950,5.633225,11.790345
7.105285,5.929549,5.692967,12.249772
7.134986,5.781421,5.755010,12.696832
7.163935,5.625902,5.819292,13.131970
7.192096,5.463415,5.885752,13.555718
7.219434,5.294476,5.954334,13.968672
7.245917,5.119706,6.024983,14.371453
7.271516,4.939841,6.097649,14.764657
7.296207,4.755739,6.172284,15.148802
7.319967,4.568383,6.248842,15.524251
7.342783,4.378892,6.327280,15.891141
7.364643,4.188508,6.407554,16.249298
7.385545,3.998602,6.489620,16.598153
7.405492,3.810653,6.573430,16.936674
7.424494,3.626240,6.658932,17.263304
7.442570,3.447014,6.746065,17.575933
7.459749,3.274676,6.834756,17.871893
7.476064,3.110938,6.924919,18.148012
7.491562,2.957497,7.016453,18.400698
7.506295,2.815988,7.109236,18.626081
7.520323,2.687951,7.203130,18.820205
7.533717,2.574786,7.297975,18.979245
7.546550,2.477720,7.393591,19.099755
7.558906,2.397769,7.489784,19.178920
7.570871,2.335711,7.586343,19.214784
7.582535,2.292061,7.683052,19.206439
7.593991,2.267054,7.779686,19.154152
7.605333,2.260642,7.876028,19.059411
7.616655,2.272491,7.971863,18.924890
7.628047,2.301995,8.066997,18.754323
7.639599,2.348298,8.161249,18.552315
7.651394,2.410320,8.254465,18.324090
7.663511,2.486799,8.346518,18.075221
7.676021,2.576326,8.437307,17.811345
7.688990,2.677395,8.526762,17.537912
7.702474,2.788446,8.614837,17.259964
7.716522,2.907911,8.701512,16.981971
7.731176,3.034247,8.786792,16.707728
7.746470,3.165977,8.870696,16.440308
7.762430,3.301713,8.953261,16.182057
7.779074,3.440176,9.034535,15.934644
7.796417,3.580207,9.114573,15.699128
7.814465,3.720778,9.193436,15.476045
7.833221,3.860985,9.271187,15.265504
7.852681,4.000049,9.347889,15.067282
7.872841,4.137308,9.423603,14.880906
7.893689,4.272204,9.498389,14.705737
7.915215,4.404276,9.572303,14.541029
7.937403,4.533147,9.645398,14.385983
7.960238,4.658516,9.717721,14.239789
7.983701,4.780144,9.789316,14.101655
8.007773,4.897848,9.860223,13.970828
8.032436,5.011491,9.930479,13.846612
8.057667,5.120978,10.000116,13.728372
8.083447,5.226245,10.069164,13.615540
8.109754,5.327259,10.137649,13.507616
8.136567,5.424009,10.205597,13.404166
8.163864,5.516507,10.273028,13.304818
8.191624,5.604780,10.339963,13.209260
8.219825,5.688870,10.406422,13.117231
8.248448,5.768834,10.472420,13.028517
8.277471,5.844736,10.537976,12.942947
8.306873,5.916652,10.603104,12.860388
8.336636,5.984662,10.667818,12.780735
8.366739,6.048856,10.732135,12.703912
8.397163,6.109326,10.796067,12.629864
8.427890,6.166170,10.859629,12.558555
8.458902,6.219487,10.922833,12.489962
8.490181,6.269381,10.985694,12.424074
8.521710,6.315956,11.048225,12.360887
8.553473,6.359316,11.110440,12.300405
8.585452,6.399566,11.172351,12.242633
8.617634,6.436812,11.233973,12.187581
8.650003,6.471156,11.295318,12.135256
8.682545,6.502701,11.356401,12.085666
8.715245,6.531547,11.417236,12.038818
8.748090,6.557792,11.477835,11.994715
8.781067,6.581530,11.538212,11.953357
8.814164,6.602854,11.598382,11.914743
8.847369,6.621851,11.658358,11.878864
8.880670,6.638605,11.718154,11.845712
8.914056,6.653197,11.777783,11.815273
8.947517,6.665702,11.837258,11.787528
8.981041,6.676192,11.896594,11.762459
9.014619,6.684733,11.955803,11.740039
9.048241,6.691386,12.014900,11.720244
9.081897,6.696207,12.073896,11.703042
9.115579,6.699249,12.132805,11.688402
9.149278,6.700556,12.191640,11.676290
9.182985,6.700169,12.250414,11.666670
9.216691,6.698124,12.309138,11.659505
9.250388,6.694450,12.367826,11.654757
9.284068,6.689172,12.426488,11.652385
9.317724,6.682307,12.485138,11.652350
9.351346,6.673871,12.543787,11.654613
9.384927,6.663871,12.602447,11.659131
9.418460,6.652310,12.661128,11.665865
9.451936,6.639186,12.719842,11.674775
9.485347,6.624491,12.778599,11.685821
9.518687,6.608213,12.837412,11.698963
9.551945,6.590335,12.896289,11.714163
9.585115,6.570835,12.955241,11.731383
9.618189,6.549687,13.014280,11.750586
9.651157,6.526859,13.073413,11.771736
9.684012,6.502318,13.132652,11.794797
9.716745,6.476023,13.192006,11.819738
9.749346,6.447933,13.251485,11.846525
9.781807,6.418001,13.311097,11.875128
9.814119,6.386178,13.370852,11.905517
9.846271,6.352411,13.430759,11.937668
9.878254,6.316645,13.490828,11.971555
9.910058,6.278823,13.551065,12.007157
9.941672,6.238886,13.611482,12.044456
9.973086,6.196771,13.672085,12.083437
10.004288,6.152416,13.732884,12.124092
10.035267,6.105758,13.793887,12.166415
10.066012,6.056732,13.855102,12.210407
10.096509,6.005273,13.916539,12.256079
10.126748,5.951318,13.978206,12.303448
10.156715,5.894803,14.040110,12.352540
10.186397,5.835665,14.102262,12.403394
10.215781,5.773845,14.164671,12.456063
10.244853,5.709283,14.227345,12.510611
10.273600,5.641925,14.290294,12.567124
10.302006,5.571719,14.353529,12.625704
10.330058,5.498618,14.417059,12.686475
10.357742,5.422580,14.480897,12.749586
10.385041,5.343570,14.545054,12.815212
10.411941,5.261559,14.609544,12.883559
10.438428,5.176528,14.674380,12.954864
10.464484,5.088467,14.739578,13.029399
10.490096,4.997378,14.805154,13.107472
10.515248,4.903275,14.871127,13.189431
10.539925,4.806189,14.937517,13.275665
10.564111,4.706170,15.004344,13.366601
10.587793,4.603285,15.071635,13.462708
10.610954,4.497629,15.139415,13.564491
10.633583,4.389322,15.207714,13.672488
10.655664,4.278516,15.276563,13.787264
10.677187,4.165398,15.345996,13.909399
10.698138,4.050198,15.416053,14.039476
10.718509,3.933190,15.486772,14.178062
10.738290,3.814699,15.558197,14.325687
10.757474,3.695106,15.630375,14.482815
10.776056,3.574857,15.703353,14.649809
10.794032,3.454459,15.777181,14.826896
10.811403,3.334495,15.851909,15.014120
10.828171,3.215617,15.927590,15.211294
10.844342,3.098554,16.004272,15.417955
10.859925,2.984111,16.082002,15.633308
10.874935,2.873163,16.160824,15.856183
10.889390,2.766654,16.240774,16.084994
10.903313,2.665587,16.321881,16.317710
10.916731,2.571014,16.404161,16.551843
10.929679,2.484026,16.487621,16.784458
10.942194,2.405730,16.572250,17.012200
10.954323,2.337239,16.658021,17.231361
10.966114,2.279644,16.744887,17.437965
10.977623,2.233994,16.832783,17.627887
10.988912,2.201272,16.921623,17.797000
11.000044,2.182368,17.011297,17.941333
11.011092,2.178056,17.101679,18.057249
11.022128,2.188966,17.192624,18.141610
11.033229,2.215566,17.283970,18.191933
11.044475,2.258135,17.375546,18.206517
11.055946,2.316756,17.467171,18.184528
11.067722,2.391294,17.558660,18.126026
11.079884,2.481400,17.649830,18.031944
11.092509,2.586508,17.740503,17.904006
11.105672,2.705847,17.830510,17.744601
11.119444,2.838451,17.919694,17.556606
11.133892,2.983191,18.007913,17.343203
11.149075,3.138794,18.095042,17.107672
11.165048,3.303882,18.180971,16.853210
11.181856,3.477006,18.265606,16.582764
11.199539,3.656679,18.348868,16.298904
11.218130,3.841416,18.430691,16.003739
11.237653,4.029759,18.511019,15.698865
11.258125,4.220310,18.589803,15.385370
11.279556,4.411750,18.667001,15.063855
11.301950,4.602856,18.742572,14.734486
11.325305,4.792513,18.816476,14.397069
11.349612,4.979717,18.888672,14.051122
11.374859,5.163578,18.959117,13.695954
11.401028,5.343315,19.027764,13.330740
11.428098,5.518255,19.094561,12.954582
11.456044,5.687821,19.159453,12.566572
11.484839,5.851525,19.222380,12.165828
11.514454,6.008958,19.283278,11.751533
11.544856,6.159783,19.342076,11.322959
11.576011,6.303723,19.398704,10.879479
11.607886,6.440555,19.453086,10.420583
11.640443,6.570098,19.505144,9.945880
11.673647,6.692209,19.554799,9.455098
11.707459,6.806777,19.601969,8.948094
11.741842,6.913717,19.646573,8.424845
11.776756,7.012962,19.688529,7.885460
11.812163,7.104469,19.727757,7.330179
11.848024,7.188208,19.764176,6.759383
11.884299,7.264167,19.797709,6.173602
11.920950,7.332352,19.828281,5.573530
11.957937,7.392789,19.855820,4.960038
11.995221,7.445526,19.880260,4.334189
12.032763,7.490642,19.901541,3.697253
12.070524,7.528249,19.919606,3.050722
12.108467,7.558501,19.934409,2.396317
12.146556,7.581598,19.945912,1.735992
12.184753,7.597795,19.954087,1.071932
12.223024,7.607406,19.958918,0.406535
12.261336,7.610809,19.960399,-0.257607
12.299659,7.608440,19.958539,-0.917742
12.337962,7.600801,19.953361,-1.571003
12.376221,7.588442,19.944903,-2.214454
12.414412,7.571957,19.933215,-2.845138
12.452514,7.551968,19.918367,-3.460133
12.490510,7.529106,19.900438,-4.056588
12.528387,7.503994,19.879525,-4.631759
12.566133,7.477226,19.855738,-5.183030
12.603740,7.449350,19.829199,-5.707922
12.641204,7.420851,19.800043,-6.204087
12.678522,7.392145,19.768418,-6.669304
12.715693,7.363567,19.734480,-7.101464
12.752718,7.335372,19.698398,-7.498561
12.789600,7.307739,19.660350,-7.858688
12.826342,7.280774,19.620523,-8.180050
12.862947,7.254522,19.579114,-8.460977
12.899418,7.228974,19.536327,-8.699958
12.935761,7.204083,19.492374,-8.895683
12.971977,7.179771,19.447473,-9.047089
13.008071,7.155939,19.401849,-9.153405
13.044043,7.132480,19.355727,-9.214204
13.079897,7.109283,19.309337,-9.229438
13.115634,7.086240,19.262907,-9.199462
13.151253,7.063249,19.216665,-9.125056
13.186756,7.040216,19.170832,-9.007412
13.222142,7.017057,19.125626,-8.848122
13.257410,6.993693,19.081254,-8.649144
13.292559,6.970049,19.037913,-8.412756
13.327587,6.946050,18.995791,-8.141505
13.362494,6.921619,18.955060,-7.838147
13.397275,6.896667,18.915879,-7.505592
13.431929,6.871097,18.878393,-7.146851
13.466451,6.844796,18.842730,-6.764980
13.500840,6.817634,18.809005,-6.363045
13.535089,6.789466,18.777316,-5.944084
13.569193,6.760136,18.747746,-5.511077
13.603148,6.729477,18.720362,-5.066923
13.636945,6.697319,18.695219,-4.614425
13.670578,6.663494,18.672356,-4.156264
13.704037,6.627842,18.651799,-3.694991
13.737314,6.590221,18.633562,-3.233004
13.770400,6.550507,18.617646,-2.772541
13.803282,6.508604,18.604042,-2.315657
13.835951,6.464440,18.592730,-1.864219
13.868395,6.417974,18.583682,-1.419895
13.900603,6.369196,18.576861,-0.984148
13.932563,6.318119,18.572222,-0.558235
13.964264,6.264783,18.569715,-0.143214
13.995694,6.209252,18.569286,0.260053
14.026843,6.151603,18.570874,0.650889
14.057701,6.091932,18.574416,1.028784
14.088256,6.030343,18.579847,1.393385
14.118501,5.966948,18.587101,1.744475
14.148425,5.901866,18.596109,2.081957
14.178021,5.835213,18.606802,2.405838
14.207281,5.767109,18.619113,2.716211
14.236197,5.697668,18.632975,3.013240
14.264763,5.627004,18.648318,3.297148
14.292974,5.555223,18.665079,3.568199
14.320822,5.482429,18.683193,3.826694
14.348305,5.408717,18.702597,4.072954
14.375416,5.334178,18.723229,4.307319
14.402152,5.258897,18.745029,4.530137
14.428510,5.182950,18.767941,4.741757
14.454485,5.106413,18.791908,4.942531
14.480076,5.029351,18.816876,5.132804
14.505279,4.951826,18.842792,5.312915
14.530093,4.873896,18.869605,5.483194
14.554514,4.795614,18.897266,5.643964
14.578543,4.717029,18.925727,5.795533
14.602176,4.638187,18.954942,5.938202
14.625413,4.559129,18.984868,6.072262
14.648253,4.479896,19.015459,6.197992
14.670695,4.400526,19.046676,6.315662
14.692738,4.321053,19.078477,6.425536
14.714382,4.241512,19.110823,6.527868
14.735626,4.161935,19.143677,6.622905
14.756470,4.082352,19.177003,6.710891
14.776915,4.002796,19.210764,6.792062
14.796960,3.923294,19.244926,6.866651
14.816606,3.843877,19.279458,6.934890
14.835852,3.764574,19.314326,6.997005
14.854701,3.685413,19.349501,7.053223
14.873151,3.606424,19.384952,7.103767
14.891205,3.527634,19.420653,7.148862
14.908863,3.449073,19.456574,7.188731
14.926127,3.370770,19.492691,7.223598
14.942997,3.292753,19.528978,7.253685
14.959475,3.215053,19.565411,7.279216
14.975563,3.137699,19.601968,7.300415
14.991262,3.060719,19.638628,7.317504
15.006574,2.984145,19.675369,7.330707
15.021502,2.908006,19.712173,7.340246
15.036047,2.832333,19.749021,7.346342
15.050212,2.757154,19.785897,7.349218
15.063999,2.682501,19.822784,7.349091
15.077411,2.608404,19.859667,7.346178
15.090451,2.534891,19.896533,7.340695
15.103122,2.461994,19.933370,7.332851
15.115426,2.389741,19.970165,7.322856
15.127368,2.318162,20.006908,7.310912
15.138949,2.247285,20.043590,7.297219
15.150175,2.177141,20.080201,7.281970
15.161048,2.107756,20.116736,7.265355
15.171573,2.039158,20.153186,7.247556
15.181753,1.971375,20.189546,7.228749
15.191593,1.904434,20.225812,7.209102
15.201096,1.838361,20.261979,7.188777
15.210268,1.773182,20.298045,7.167928
15.219113,1.708921,20.334007,7.146701
15.227634,1.645603,20.369863,7.125235
15.235838,1.583252,20.405612,7.103657
15.243729,1.521892,20.441254,7.082089
15.251312,1.461543,20.476789,7.060643
15.258592,1.402229,20.512219,7.039422
15.265575,1.343969,20.547544,7.018520
15.272265,1.286784,20.582765,6.998022
15.278668,1.230694,20.617886,6.978005
15.284790,1.175717,20.652909,6.958538
15.290636,1.121870,20.687837,6.939679
15.296212,1.069172,20.722673,6.921480
15.301525,1.017637,20.757420,6.903984
15.306578,0.967281,20.792082,6.887226
15.311380,0.918119,20.826663,6.871236
15.315935,0.870164,20.861166,6.856033
15.320250,0.823430,20.895596,6.841633
15.324331,0.777929,20.929957,6.828043
15.328184,0.733671,20.964253,6.815266
15.331816,0.690667,20.998488,6.803298
15.335232,0.648928,21.032666,6.792134
15.338440,0.608462,21.066792,6.781759
15.341445,0.569277,21.100868,6.772159
15.344255,0.531382,21.134900,6.763315
15.346875,0.494783,21.168891,6.755204
15.349312,0.459486,21.202844,6.747804
15.351573,0.425498,21.236764,6.741088
15.353664,0.392823,21.270653,6.735029
15.355593,0.361466,21.304515,6.729601
15.357364,0.331431,21.338353,6.724776
15.358986,0.302722,21.372170,6.720528
15.360465,0.275342,21.405970,6.716830
15.361808,0.249293,21.439754,6.713659
15.363021,0.224578,21.473525,6.710991
15.364111,0.201199,21.507286,6.708807
15.365084,0.179157,21.541040,6.707089
15.365949,0.158454,21.574789,6.705823
15.366710,0.139091,21.608534,6.704999
15.367376,0.121068,21.642279,6.704610
15.367952,0.104386,21.676025,6.704654
15.368445,0.089046,21.709775,6.705132
15.368863,0.075048,21.743530,6.706053
15.369212,0.062391,21.777294,6.707426
15.369499,0.051075,21.811067,6.709271
15.369730,0.041101,21.844854,6.711609
15.369912,0.032468,21.878656,6.714469
15.370052,0.025175,21.912476,6.717884
15.370157,0.019221,21.946316,6.721894
15.370233,0.014606,21.980181,6.726545
15.370288,0.011329,22.014072,6.731886
15.370327,0.009388,22.047994,6.737975
15.370358,0.008783,22.081951,6.744873
15.370387,0.009512,22.115946,6.752650
15.370421,0.011572,22.149984,6.761377
15.370467,0.014963,22.184070,6.771133
15.370531,0.019682,22.218210,6.782001
15.370619,0.025726,22.252408,6.794069
15.370740,0.033093,22.286671,6.807431
15.370899,0.041780,22.321005,6.822181
15.371102,0.051782,22.355419,6.838422
15.371357,0.063097,22.389918,6.856256
15.371670,0.075718,22.424512,6.875790
15.372048,0.089640,22.459208,6.897134
15.372496,0.104859,22.494017,6.920400
15.373022,0.121367,22.528947,6.945701
15.373632,0.139156,22.564009,6.973150
15.374333,0.158218,22.599214,7.002863
15.375130,0.178544,22.634574,7.034954
15.376030,0.200124,22.670100,7.069538
15.377040,0.222945,22.705805,7.106726
15.378165,0.246995,22.741702,7.146630
15.379411,0.272259,22.777804,7.189356
15.380786,0.298723,22.814126,7.235009
15.382294,0.326368,22.850683,7.283689
15.383942,0.355175,22.887489,7.335490
15.385735,0.385124,22.924561,7.390501
15.387679,0.416191,22.961914,7.448803
15.389780,0.448352,22.999565,7.510470
15.392043,0.481579,23.037530,7.575566
15.394473,0.515842,23.075827,7.644148
15.397076,0.551109,23.114473,7.716258
15.399857,0.587345,23.153485,7.791929
15.402820,0.624510,23.192882,7.871181
15.405970,0.662563,23.232680,7.954017
15.409312,0.701460,23.272899,8.040426
15.412849,0.741150,23.313555,8.130382
15.416586,0.781582,23.354666,8.223837
15.420527,0.822698,23.396249,8.320727
15.424674,0.864436,23.438321,8.420966
15.429032,0.906730,23.480899,8.524444
15.433602,0.949508,23.523999,8.631029
15.438387,0.992695,23.567636,8.740564
15.443390,1.036207,23.611824,8.852864
15.448611,1.079958,23.656576,8.967717
15.454053,1.123854,23.701906,9.084882
15.459715,1.167794,23.747825,9.204087
15.465598,1.211673,23.794342,9.325028
15.471702,1.255380,23.841465,9.447371
15.478026,1.298797,23.889202,9.570746
15.484568,1.341798,23.937556,9.694753
15.491327,1.384256,23.986532,9.818958
15.498299,1.426033,24.036128,9.942893
15.505481,1.466989,24.086343,10.066062
15.512869,1.506980,24.137174,10.187937
15.520458,1.545855,24.188613,10.307964
15.528242,1.583463,24.240650,10.425563
15.536216,1.619648,24.293272,10.540136
15.544371,1.654253,24.346464,10.651067
15.552700,1.687123,24.400207,10.757729
15.561195,1.718102,24.454479,10.859491
15.569845,1.747037,24.509255,10.955722
15.578640,1.773778,24.564507,11.045801
15.587569,1.798183,24.620203,11.129121
15.596621,1.820114,24.676308,11.205102
15.605782,1.839442,24.732787,11.273193
15.615041,1.856052,24.789597,11.332888
15.624382,1.869835,24.846698,11.383725
15.633792,1.880699,24.904043,11.425302
15.643256,1.888566,24.961586,11.457278
15.652759,1.893374,25.019279,11.479381
15.662286,1.895075,25.077072,11.491417
15.671821,1.893641,25.134914,11.493265
15.681347,1.889062,25.192754,11.484890
15.690850,1.881344,25.250540,11.466335
15.700314,1.870515,25.308221,11.437726
15.709722,1.856618,25.365747,11.399269
15.719060,1.839714,25.423068,11.351245
15.728312,1.819881,25.480136,11.294008
15.737463,1.797213,25.536905,11.227974
15.746500,1.771819,25.593332,11.153622
15.755408,1.743818,25.649375,11.071479
15.764176,1.713345,25.704994,10.982114
15.772789,1.680542,25.760154,10.886132
15.781237,1.645559,25.814823,10.784162
15.789508,1.608555,25.868970,10.676848
15.797592,1.569690,25.922569,10.564846
15.805481,1.529131,25.975597,10.448809
15.813165,1.487043,26.028034,10.329386
15.820637,1.443594,26.079863,10.207211
15.827891,1.398948,26.131072,10.082900
15.834919,1.353268,26.181650,9.957046
15.841717,1.306713,26.231589,9.830214
15.848280,1.259437,26.280886,9.702940
15.854606,1.211589,26.329538,9.575724
15.860690,1.163310,26.377546,9.449035
15.866531,1.114738,26.424915,9.323303
15.872128,1.066001,26.471647,9.198926
15.877479,1.017221,26.517753,9.076263
15.882584,0.968513,26.563239,8.955639
15.887444,0.919984,26.608117,8.837346
15.892060,0.871735,26.652399,8.721640
15.896432,0.823858,26.696099,8.608747
15.900564,0.776441,26.739231,8.498862
15.904456,0.729563,26.781811,8.392153
15.908113,0.683297,26.823855,8.288758
15.911536,0.637711,26.865380,8.188792
15.914730,0.592867,26.906404,8.092346
15.917699,0.548822,26.946944,7.999486
15.920445,0.505628,26.987020,7.910262
15.922974,0.463331,27.026650,7.824701
15.925290,0.421975,27.065853,7.742816
15.927398,0.381598,27.104647,7.664601
15.929303,0.342236,27.143051,7.590038
15.931010,0.303920,27.181083,7.519093
15.932524,0.266680,27.218763,7.451722
15.933851,0.230541,27.256108,7.387867
15.934997,0.195526,27.293136,7.327464
15.935966,0.161657,27.329865,7.270437
15.936766,0.128951,27.366311,7.216704
15.937401,0.097427,27.402492,7.166174
15.937878,0.067097,27.438424,7.118753
15.938203,0.037976,27.474121,7.074338
15.938382,0.010075,27.509600,7.032825
15.938421,-0.016596,27.544876,6.994106
15.938326,-0.042028,27.579961,6.958068
15.938104,-0.066213,27.614870,6.924598
15.937761,-0.089145,27.649616,6.893581
15.937304,-0.110817,27.684210,6.864903
15.936738,-0.131226,27.718665,6.838446
15.936071,-0.150366,27.752992,6.814098
15.935308,-0.168235,27.787201,6.791742
15.934456,-0.184828,27.821302,6.771269
15.933521,-0.200145,27.855305,6.752567
15.932511,-0.214182,27.889218,6.735529
15.931431,-0.226938,27.923050,6.720052
15.930288,-0.238412,27.956809,6.706035
15.929088,-0.248602,27.990502,6.693382
15.927838,-0.257508,28.024135,6.682001
15.926544,-0.265128,28.057715,6.671804
15.925213,-0.271462,28.091248,6.662709
15.923852,-0.276510,28.124740,6.654640
15.922466,-0.280269,28.158195,6.647524
15.921063,-0.282741,28.191618,6.641297
15.919648,-0.283924,28.225014,6.635899
15.918229,-0.283817,28.258387,6.631277
15.916812,-0.282419,28.291740,6.627384
15.915402,-0.279731,28.325077,6.624179
15.914008,-0.275750,28.358402,6.621629
15.912635,-0.270476,28.391718,6.619706
15.911290,-0.263907,28.425029,6.618389
15.909980,-0.256043,28.458336,6.617665
15.908710,-0.246882,28.491643,6.617526
15.907488,-0.236422,28.524954,6.617971
15.906320,-0.224663,28.558270,6.619005
15.905212,-0.211603,28.591595,6.620640
15.904171,-0.197240,28.624933,6.622893
15.903204,-0.181573,28.658285,6.625787
15.902317,-0.164601,28.691656,6.629352
15.901517,-0.146322,28.725049,6.633621
15.900811,-0.126735,28.758467,6.638634
15.900204,-0.105838,28.791914,6.644435
15.899704,-0.083631,28.825394,6.651072
15.899316,-0.060113,28.858911,6.658597
15.899049,-0.035283,28.892471,6.667065
15.898908,-0.009141,28.926077,6.676535
15.898899,0.018313,28.959735,6.687069
15.899030,0.047080,28.993450,6.698730
15.899307,0.077157,29.027228,6.711582
15.899737,0.108545,29.061075,6.725692
15.900326,0.141242,29.094997,6.741125
15.901080,0.175246,29.129001,6.757948
15.902007,0.210554,29.163094,6.776228
15.903113,0.247163,29.197284,6.796027
15.904404,0.285071,29.231578,6.817410
15.905887,0.324273,29.265983,6.840436
15.907568,0.364763,29.300510,6.865163
15.909455,0.406537,29.335164,6.891644
15.911552,0.449589,29.369957,6.919929
15.913867,0.493911,29.404897,6.950064
15.916406,0.539496,29.439992,6.982087
15.919175,0.586336,29.475253,7.016034
15.922181,0.634422,29.510689,7.051931
15.925430,0.683743,29.546310,7.089800
15.928928,0.734290,29.582125,7.129654
15.932681,0.786050,29.618145,7.171499
15.936695,0.839011,29.654380,7.215335
15.940977,0.893161,29.690839,7.261149
15.945532,0.948484,29.727532,7.308924
15.950365,1.004967,29.764469,7.358632
15.955484,1.062592,29.801659,7.410235
15.960893,1.121344,29.839112,7.463687
15.966599,1.181203,29.876837,7.518932
15.972606,1.242152,29.914842,7.575905
15.978921,1.304169,29.953137,7.634530
15.985548,1.367235,29.991728,7.694722
15.992493,1.431325,30.030624,7.756388
15.999762,1.496417,30.069832,7.819424
16.007358,1.562486,30.109358,7.883717
16.015287,1.629505,30.149209,7.949145
16.023554,1.697446,30.189389,8.015577
16.032164,1.766281,30.229904,8.082876
16.041120,1.835979,30.270758,8.150894
16.050428,1.906508,30.311953,8.219477
16.060091,1.977834,30.353493,8.288466
16.070113,2.049921,30.395378,8.357692
16.080499,2.122732,30.437611,8.426984
16.091252,2.196230,30.480191,8.496163
16.102376,2.270373,30.523116,8.565050
16.113873,2.345119,30.566386,8.633460
16.125747,2.420425,30.609997,8.701207
16.138001,2.496246,30.653947,8.768103
16.150637,2.572534,30.698230,8.833962
16.163658,2.649241,30.742840,8.898597
16.177066,2.726318,30.787772,8.961825
16.190862,2.803714,30.833019,9.023467
16.205049,2.881375,30.878571,9.083347
16.219628,2.959250,30.924420,9.141296
16.234599,3.037283,30.970557,9.197155
16.249964,3.115419,31.016970,9.250771
16.265723,3.193604,31.063647,9.302002
16.281876,3.271779,31.110578,9.350717
16.298424,3.349891,31.157749,9.396800
16.315366,3.427880,31.205146,9.440146
16.332701,3.505693,31.252756,9.480667
16.350429,3.583271,31.300566,9.518291
16.368549,3.660560,31.348559,9.552961
16.387058,3.737504,31.396721,9.584640
16.405956,3.814050,31.445038,9.613307
16.425239,3.890143,31.493493,9.638963
16.444907,3.965731,31.542073,9.661624
16.464956,4.040763,31.590762,9.681328
16.485383,4.115189,31.639545,9.698132
16.506186,4.188960,31.688408,9.712112
16.527361,4.262029,31.737336,9.723361
16.548905,4.334349,31.786317,9.731991
16.570813,4.405876,31.835336,9.738133
16.593082,4.476566,31.884383,9.741934
16.615708,4.546376,31.933445,9.743554
16.638686,4.615266,31.982511,9.743172
16.662011,4.683195,32.031571,9.740977
16.685678,4.750124,32.080618,9.737172
16.709683,4.816014,32.129642,9.731971
16.734020,4.880828,32.178637,9.725596
16.758683,4.944527,32.227598,9.718279
16.783668,5.007075,32.276520,9.710258
16.808967,5.068433,32.325399,9.701776
16.834576,5.128565,32.374234,9.693080
16.860487,5.187431,32.423024,9.684421
16.886695,5.244994,32.471769,9.676051
16.913192,5.301213,32.520471,9.668220
16.939972,5.356049,32.569133,9.661179
16.967029,5.409458,32.617760,9.655177
16.994353,5.461396,32.666356,9.650460
17.021939,5.511820,32.714929,9.647267
17.049778,5.560680,32.763486,9.645836
17.077862,5.607927,32.812037,9.646397
17.106184,5.653510,32.860592,9.649173
17.134734,5.697373,32.909162,9.654383
17.163504,5.739459,32.957760,9.662236
17.192485,5.779709,33.006399,9.672931
17.221668,5.818058,33.055094,9.686663
17.251042,5.854441,33.103861,9.703614
17.280598,5.888787,33.152716,9.723958
17.310326,5.921024,33.201676,9.747860
17.340214,5.951074,33.250759,9.775473
17.370252,5.978858,33.299985,9.806941
17.400427,6.004291,33.349372,9.842397
17.430729,6.027287,33.398941,9.881962
17.461144,6.047752,33.448713,9.925746
17.491661,6.065593,33.498710,9.973848
17.522264,6.080710,33.548953,10.026353
17.552941,6.093001,33.599465,10.083334
17.583677,6.102357,33.650268,10.144853
17.614458,6.108670,33.701385,10.210956
17.645267,6.111825,33.752840,10.281675
17.676089,6.111704,33.804656,10.357028
17.706907,6.108185,33.856856,10.437021
17.737704,6.101145,33.909464,10.521640
17.768462,6.090455,33.962503,10.610858
17.799162,6.075984,34.015996,10.704632
17.829785,6.057598,34.069967,10.802902
17.860312,6.035162,34.124439,10.905594
17.890722,6.008537,34.179432,11.012615
17.920993,5.977582,34.234971,11.123859
17.951105,5.942156,34.291074,11.239204
17.981033,5.902116,34.347765,11.358515
18.010755,5.857320,34.405061,11.481645
18.040246,5.807624,34.462983,11.608438
18.069483,5.752888,34.521550,11.738728
18.098438,5.692970,34.580778,11.872348
18.127088,5.627735,34.640684,12.009131
18.155403,5.557049,34.701285,12.148915
18.183357,5.480783,34.762595,12.291550
18.210922,5.398816,34.824629,12.436902
18.238069,5.311033,34.887401,12.584864
18.264769,5.217332,34.950924,12.735364
18.290992,5.117620,35.015210,12.888374
18.316707,5.011819,35.080272,13.043919
18.341885,4.899868,35.146124,13.202088
18.366493,4.781729,35.212778,13.363048
18.390502,4.657386,35.280248,13.527050
18.413880,4.526853,35.348550,13.694442
18.436595,4.390178,35.417702,13.865674
18.458618,4.247450,35.487722,14.041309
18.479919,4.098806,35.558633,14.222018
18.500466,3.944439,35.630460,14.408578
18.520233,3.784606,35.703234,14.601865
18.539192,3.619643,35.776987,14.802828
18.557317,3.449969,35.851760,15.012464
18.574585,3.276103,35.927595,15.231765
18.590976,3.098675,36.004541,15.461668
18.606472,2.918436,36.082650,15.702972
18.621060,2.736267,36.161981,15.956250
18.634731,2.553193,36.242592,16.221740
18.647481,2.370377,36.324543,16.499229
18.659311,2.189133,36.407894,16.787927
18.670232,2.010908,36.492700,17.086348
18.680258,1.837282,36.579006,17.392198
18.689415,1.669944,36.666848,17.702299
18.697734,1.510667,36.756243,18.012550
18.705257,1.361285,36.847188,18.317937
18.712036,1.223649,36.939655,18.612625
18.718129,1.099593,37.033585,18.890113
18.723608,0.990886,37.128887,19.143482
18.728549,0.899188,37.225433,19.365702
18.733039,0.826001,37.323064,19.550015
18.737173,0.772625,37.421585,19.690343
18.741050,0.740110,37.520769,19.781695
18.744776,0.729218,37.620369,19.820544
18.748460,0.740390,37.720118,19.805115
18.752213,0.773717,37.819745,19.735562
18.756147,0.828931,37.918977,19.613995
18.760371,0.905397,38.017556,19.444358
18.764993,1.002134,38.115243,19.232165
18.770112,1.117836,38.211829,18.984114
18.775824,1.250915,38.307137,18.707635
18.782215,1.399559,38.401031,18.410403
18.789363,1.561786,38.493411,18.099886
18.797334,1.735519,38.584215,17.782957
18.806186,1.918646,38.673415,17.465597
18.815964,2.109089,38.761013,17.152719
18.826704,2.304855,38.847036,16.848085
18.838432,2.504079,38.931526,16.554333
18.851165,2.705061,39.014541,16.273069
18.864909,2.906278,39.096145,16.005008
18.879666,3.106396,39.176405,15.750141
18.895429,3.304270,39.255389,15.507915
18.912186,3.498927,39.333161,15.277389
18.929920,3.689559,39.409779,15.057382
18.948611,3.875505,39.485297,14.846594
18.968235,4.056230,39.559760,14.643697
18.988764,4.231312,39.633208,14.447412
19.010170,4.400422,39.705675,14.256552
19.032422,4.563311,39.777187,14.070060
19.055489,4.719799,39.847766,13.887023
19.079339,4.869762,39.917429,13.706678
19.103938,5.013126,39.986190,13.528413
19.129254,5.149854,40.054059,13.351760
19.155251,5.279946,40.121043,13.176383
19.181898,5.403429,40.187150,13.002062
19.209160,5.520358,40.252384,12.828682
19.237005,5.630805,40.316751,12.656218
19.265400,5.734862,40.380254,12.484718
19.294313,5.832638,40.442899,12.314287
19.323712,5.924253,40.504692,12.145079
19.353566,6.009839,40.565637,11.977282
19.383845,6.089537,40.625743,11.811106
19.414519,6.163496,40.685017,11.646776
19.445560,6.231872,40.743470,11.484523
19.476939,6.294825,40.801111,11.324578
19.508630,6.352520,40.857952,11.167163
19.540606,6.405125,40.914006,11.012492
19.572841,6.452809,40.969286,10.860763
19.605312,6.495744,41.023808,10.712158
19.637993,6.534099,41.077587,10.566842
19.670863,6.568046,41.130640,10.424958
19.703899,6.597755,41.182984,10.286631
19.737080,6.623396,41.234637,10.151965
19.770385,6.645134,41.285616,10.021047
19.803796,6.663135,41.335942,9.893944
19.837294,6.677562,41.385633,9.770705
19.870860,6.688573,41.434708,9.651363
19.904478,6.696327,41.483188,9.535938
19.938132,6.700975,41.531091,9.424433
19.971806,6.702669,41.578437,9.316840
20.005485,6.701554,41.625246,9.213141
20.039156,6.697776,41.671537,9.113306
20.072804,6.691472,41.717330,9.017298
20.106419,6.682778,41.762644,8.925071
20.139987,6.671828,41.807498,8.836575
20.173498,6.658750,41.851910,8.751752
20.206941,6.643668,41.895899,8.670541
20.240306,6.626703,41.939482,8.592877
20.273584,6.607974,41.982678,8.518690
20.306766,6.587593,42.025505,8.447911
20.339844,6.565672,42.067978,8.380466
20.372811,6.542317,42.110115,8.316282
20.405658,6.517630,42.151931,8.255283
20.438381,6.491713,42.193444,8.197393
20.470972,6.464660,42.234668,8.142537
20.503426,6.436565,42.275619,8.090638
20.535738,6.407518,42.316311,8.041619
20.567904,6.377605,42.356758,7.995404
20.599918,6.346909,42.396976,7.951918
20.631778,6.315510,42.436977,7.911084
20.663480,6.283485,42.476774,7.872828
20.695021,6.250909,42.516381,7.837074
20.726397,6.217851,42.555810,7.803748
20.757608,6.184381,42.595073,7.772776
20.788651,6.150563,42.634182,7.744085
20.819524,6.116461,42.673148,7.717602
20.850226,6.082133,42.711982,7.693255
20.880755,6.047637,42.750695,7.670970
20.911112,6.013027,42.789298,7.650678
20.941296,5.978356,42.827799,7.632306
20.971306,5.943673,42.866209,7.615784
21.001143,5.909025,42.904537,7.601042
21.030806,5.874456,42.942792,7.588009
21.060297,5.840009,42.980981,7.576618
21.089615,5.805724,43.019115,7.566799
21.118762,5.771638,43.057199,7.558484
21.147740,5.737788,43.095242,7.551606
21.176548,5.704206,43.133251,7.546097
21.205189,5.670924,43.171233,7.541893
21.233664,5.637971,43.209193,7.538926
21.261974,5.605375,43.247139,7.537134
21.290123,5.573162,43.285076,7.536452
21.318111,5.541354,43.323009,7.536818
21.345941,5.509973,43.360944,7.538170
21.373615,5.479039,43.398886,7.540450
21.401135,5.448571,43.436839,7.543597
21.428503,5.418585,43.474807,7.547555
21.455723,5.389096,43.512795,7.552267
21.482796,5.360116,43.550806,7.557680
21.509726,5.331658,43.588844,7.563741
21.536514,5.303731,43.626911,7.570400
21.563164,5.276345,43.665011,7.577609
21.589678,5.249506,43.703147,7.585320
21.616060,5.223220,43.741321,7.593491
21.642311,5.197491,43.779535,7.602079
21.668435,5.172323,43.817791,7.611045
21.694434,5.147717,43.856091,7.620352
21.720312,5.123674,43.894437,7.629968
21.746071,5.100194,43.932830,7.639859
21.771713,5.077273,43.971272,7.649999
21.797243,5.054909,44.009763,7.660361
21.822663,5.033098,44.048306,7.670923
21.847975,5.011835,44.086900,7.681667
21.873182,4.991113,44.125548,7.692576
21.898287,4.970925,44.164248,7.703637
21.923293,4.951262,44.203003,7.714841
21.948201,4.932114,44.241814,7.726182
21.973016,4.913473,44.280680,7.737656
21.997739,4.895325,44.319602,7.749264
22.022373,4.877659,44.358581,7.761010
22.046920,4.860461,44.397618,7.772902
22.071382,4.843718,44.436714,7.784949
22.095763,4.827414,44.475869,7.797167
22.120063,4.811533,44.515084,7.809571
22.144286,4.796059,44.554361,7.822183
22.168432,4.780972,44.593699,7.835026
22.192505,4.766256,44.633102,7.848127
22.216505,4.751891,44.672568,7.861516
22.240436,4.737855,44.712102,7.875226
22.264297,4.724129,44.751703,7.889294
22.288091,4.710689,44.791374,7.903757
22.311819,4.697513,44.831117,7.918658
22.335483,4.684577,44.870933,7.934040
22.359083,4.671857,44.910827,7.949951
22.382621,4.659326,44.950800,7.966440
22.406097,4.646960,44.990855,7.983557
22.429513,4.634729,45.030996,8.001358
22.452869,4.622606,45.071226,8.019897
22.476165,4.610562,45.111549,8.039232
22.499402,4.598568,45.151968,8.059424
22.522580,4.586592,45.192489,8.080534
22.545699,4.574602,45.233117,8.102624
22.568759,4.562566,45.273855,8.125759
22.591760,4.550451,45.314710,8.150005
22.614700,4.538222,45.355687,8.175429
22.637580,4.525844,45.396793,8.202100
22.660399,4.513280,45.438033,8.230088
22.683156,4.500495,45.479415,8.259462
22.705849,4.487450,45.520945,8.290295
22.728477,4.474106,45.562631,8.322659
22.751039,4.460424,45.604480,8.356628
22.773533,4.446365,45.646502,8.392275
22.795957,4.431886,45.688705,8.429677
22.818308,4.416946,45.731096,8.468908
22.840584,4.401504,45.773687,8.510046
22.862784,4.385516,45.816487,8.553169
22.884903,4.368938,45.859505,8.598356
22.906939,4.351728,45.902753,8.645685
22.928888,4.333841,45.946240,8.695239
22.950748,4.315232,45.989980,8.747100
22.972514,4.295857,46.033982,8.801351
22.994182,4.275672,46.078261,8.858079
23.015749,4.254632,46.122827,8.917370
23.037210,4.232693,46.167694,8.979315
23.058560,4.209812,46.212877,9.044004
23.079795,4.185947,46.258388,9.111533
23.100909,4.161056,46.304242,9.181999
23.121898,4.135098,46.350454,9.255502
23.142756,4.108036,46.397040,9.332147
23.163477,4.079834,46.444016,9.412040
23.184055,4.050459,46.491397,9.495294
23.204485,4.019879,46.539202,9.582024
23.224761,3.988069,46.587448,9.672349
23.244875,3.955007,46.636152,9.766391
23.264823,3.920675,46.685335,9.864279
23.284597,3.885063,46.735015,9.966141
23.304191,3.848166,46.785213,10.072110
23.323599,3.809989,46.835949,10.182320
23.342814,3.770545,46.887246,10.296904
23.361829,3.729856,46.939124,10.415994
23.380639,3.687958,46.991608,10.539716
23.399238,3.644897,47.044720,10.668190
23.417619,3.600736,47.098484,10.801523
23.435777,3.555554,47.152925,10.939804
23.453708,3.509446,47.208068,11.083104
23.471406,3.462528,47.263938,11.231462
23.488867,3.414936,47.320561,11.384879
23.506089,3.366829,47.377961,11.543313
23.523068,3.318391,47.436165,11.706665
23.539804,3.269832,47.495196,11.874770
23.556295,3.221388,47.555078,12.047384
23.572543,3.173322,47.615834,12.224172
23.588550,3.125927,47.677484,12.404697
23.604319,3.079525,47.740046,12.588406
23.619855,3.034464,47.803536,12.774620
23.635166,2.991119,47.867966,12.962523
23.650260,2.949892,47.933343,13.151155
23.665149,2.911206,47.999670,13.339408
23.679844,2.875504,48.066945,13.526023
23.694363,2.843244,48.135157,13.709600
23.708721,2.814893,48.204290,13.888599
23.722940,2.790923,48.274321,14.061367
23.737041,2.771803,48.345216,14.226150
23.751049,2.757994,48.416933,14.381131
23.764992,2.749936,48.489422,14.524457
23.778897,2.748044,48.562623,14.654287
23.792798,2.752700,48.636467,14.768832
23.806726,2.764239,48.710875,14.866401
23.820716,2.782945,48.785761,14.945452
23.834805,2.809042,48.861030,15.004632
23.849030,2.842683,48.936581,15.042817
23.863429,2.883949,49.012309,15.059146
23.878041,2.932841,49.088102,15.053041
23.892902,2.989275,49.163847,15.024218
23.908052,3.053083,49.239430,14.972688
23.923528,3.124013,49.314736,14.898738
23.939364,3.201727,49.389653,14.802912
23.955594,3.285811,49.464071,14.685973
23.972251,3.375777,49.537885,14.548859
23.989364,3.471073,49.610992,14.392638
24.006958,3.571093,49.683299,14.218456
24.025058,3.675185,49.754714,14.027491
24.043684,3.782665,49.825154,13.820909
24.062851,3.892828,49.894541,13.599825
24.082573,4.004958,49.962803,13.365273
24.102859,4.118341,50.029872,13.118183
24.123715,4.232277,50.095686,12.859371
24.145144,4.346085,50.160186,12.589534
24.167145,4.459115,50.223317,12.309249
24.189712,4.570751,50.285026,12.018988
24.212839,4.680418,50.345264,11.719126
24.236515,4.787586,50.403983,11.409961
24.260728,4.891771,50.461136,11.091729
24.285462,4.992538,50.516677,10.764629
24.310700,5.089497,50.570562,10.428834
24.336421,5.182307,50.622748,10.084513
24.362606,5.270671,50.673192,9.731845
24.389231,5.354337,50.721851,9.371033
24.416273,5.433094,50.768686,9.002314
24.443707,5.506768,50.813657,8.625969
24.471507,5.575224,50.856726,8.242329
24.499646,5.638361,50.897856,7.851782
24.528098,5.696108,50.937014,7.454774
24.556836,5.748427,50.974167,7.051816
24.585832,5.795306,51.009285,6.643479
24.615059,5.836761,51.042343,6.230396
24.644489,5.872834,51.073317,5.813263
24.674095,5.903589,51.102188,5.392834
24.703851,5.929117,51.128939,4.969921
24.733730,5.949530,51.153559,4.545384
24.763706,5.964961,51.176040,4.120134
24.793755,5.975568,51.196381,3.695120
24.823852,5.981527,51.214582,3.271326
24.853974,5.983034,51.230651,2.849763
24.884098,5.980305,51.244600,2.431459
24.914204,5.973573,51.256446,2.017447
24.944271,5.963087,51.266213,1.608762
24.974281,5.949108,51.273928,1.206423
25.004216,5.931910,51.279623,0.811428
25.034061,5.911775,51.283337,0.424740
25.063800,5.888990,51.285113,0.047282
25.093420,5.863845,51.284998,-0.320075
25.122910,5.836627,51.283043,-0.676518
25.152260,5.807619,51.279305,-1.021295
25.181461,5.777097,51.273843,-1.353721
25.210505,5.745325,51.266719,-1.673180
25.239387,5.712551,51.258000,-1.979124
25.268101,5.679009,51.247755,-2.271072
25.296644,5.644914,51.236054,-2.548608
25.325014,5.610459,51.222970,-2.811377
25.353208,5.575819,51.208579,-3.059080
25.381226,5.541144,51.192955,-3.291471
25.409069,5.506568,51.176177,-3.508352
25.436736,5.472199,51.158323,-3.709568
25.464229,5.438129,51.139472,-3.895006
25.491549,5.404429,51.119703,-4.064588
25.518699,5.371154,51.099096,-4.218272
25.545681,5.338344,51.077731,-4.356052
25.572497,5.306023,51.055688,-4.477951
25.599150,5.274205,51.033047,-4.584028
25.625642,5.242890,51.009887,-4.674376
25.651976,5.212073,50.986288,-4.749121
25.678154,5.181739,50.962328,-4.808425
25.704179,5.151865,50.938084,-4.852488
25.730054,5.122425,50.913632,-4.881545
25.755779,5.093388,50.889048,-4.895871
25.781359,5.064720,50.864406,-4.895778
25.806793,5.036383,50.839778,-4.881619
25.832084,5.008339,50.815234,-4.853782
25.857234,4.980545,50.790842,-4.812691
25.882243,4.952961,50.766669,-4.758807
25.907113,4.925542,50.742779,-4.692622
25.931844,4.898243,50.719233,-4.614658
25.956436,4.871020,50.696089,-4.525463
25.980891,4.843826,50.673405,-4.425611
26.005209,4.816614,50.651232,-4.315695
26.029388,4.789337,50.629621,-4.196325
26.053430,4.761945,50.608618,-4.068126
26.077332,4.734390,50.588269,-3.931732
26.101095,4.706622,50.568612,-3.787783
26.124717,4.678591,50.549686,-3.636926
26.148197,4.650246,50.531524,-3.479806
26.171533,4.621536,50.514158,-3.317068
26.194723,4.592412,50.497615,-3.149351
26.217766,4.562823,50.481919,-2.977290
26.240658,4.532723,50.467092,-2.801510
26.263398,4.502062,50.453151,-2.622622
26.285982,4.470798,50.440112,-2.441229
26.308407,4.438887,50.427987,-2.257915
26.330670,4.406290,50.416785,-2.073250
26.352768,4.372971,50.406512,-1.887785
26.374697,4.338899,50.397171,-1.702049
26.396453,4.304044,50.388763,-1.516551
26.418033,4.268383,50.381287,-1.331778
26.439432,4.231899,50.374739,-1.148191
26.460646,4.194576,50.369112,-0.966226
26.481671,4.156406,50.364397,-0.786293
26.502502,4.117385,50.360584,-0.608774
26.523137,4.077514,50.357661,-0.434024
26.543569,4.036798,50.355613,-0.262370
26.563796,3.995247,50.354425,-0.094109
26.583812,3.952874,50.354078,0.070487
26.603615,3.909699,50.354555,0.231175
26.623199,3.865742,50.355836,0.387740
26.642562,3.821029,50.357899,0.539992
26.661699,3.775586,50.360724,0.687767
26.680606,3.729444,50.364286,0.830926
26.699281,3.682634,50.368564,0.969351
26.717719,3.635191,50.373533,1.102948
26.735918,3.587149,50.379168,1.231643
26.753875,3.538544,50.385445,1.355379
26.771587,3.489413,50.392340,1.474120
26.789052,3.439792,50.399827,1.587845
26.806267,3.389720,50.407880,1.696547
26.823229,3.339234,50.416475,1.800232
26.839937,3.288370,50.425586,1.898922
26.856389,3.237164,50.435189,1.992646
26.872584,3.185652,50.445258,2.081445
26.888519,3.133870,50.455768,2.165368
26.904193,3.081852,50.466695,2.244472
26.919606,3.029631,50.478016,2.318821
26.934756,2.977238,50.489706,2.388484
26.949642,2.924705,50.501741,2.453537
26.964264,2.872063,50.514099,2.514058
26.978622,2.819339,50.526756,2.570131
26.992714,2.766561,50.539691,2.621842
27.006541,2.713755,50.552882,2.669279
27.020102,2.660947,50.566307,2.712533
27.033398,2.608160,50.579945,2.751697
27.046428,2.555418,50.593776,2.786865
27.059194,2.502740,50.607780,2.818131
27.071694,2.450148,50.621937,2.845591
27.083930,2.397660,50.636228,2.869342
27.095903,2.345295,50.650635,2.889478
27.107612,2.293069,50.665139,2.906096
27.119058,2.240997,50.679724,2.919292
27.130243,2.189095,50.694371,2.929161
27.141167,2.137374,50.709064,2.935799
27.151831,2.085848,50.723788,2.939300
27.162237,2.034529,50.738526,2.939758
27.172384,1.983425,50.753262,2.937266
27.182274,1.932547,50.767984,2.931915
27.191909,1.881904,50.782675,2.923798
27.201289,1.831501,50.797322,2.913004
27.210416,1.781347,50.811913,2.899622
27.219291,1.731446,50.826433,2.883741
27.227915,1.681803,50.840871,2.865447
27.236290,1.632423,50.855214,2.844827
27.244416,1.583309,50.869451,2.821965
27.252296,1.534463,50.883571,2.796945
27.259930,1.485887,50.897563,2.769849
27.267320,1.437581,50.911416,2.740758
27.274467,1.389547,50.925120,2.709753
27.281373,1.341783,50.938667,2.676912
27.288039,1.294290,50.952046,2.642312
27.294466,1.247064,50.965249,2.606031
27.300655,1.200105,50.978269,2.568143
27.306609,1.153408,50.991095,2.528723
27.312328,1.106972,51.003722,2.487842
27.317813,1.060792,51.016142,2.445574
27.323066,1.014863,51.028348,2.401988
27.328089,0.969182,51.040333,2.357154
27.332881,0.923742,51.052091,2.311140
27.337446,0.878539,51.063616,2.264013
27.341783,0.833566,51.074904,2.215839
27.345893,0.788816,51.085947,2.166684
27.349779,0.744285,51.096743,2.116610
27.353441,0.699963,51.107285,2.065682
27.356880,0.655844,51.117571,2.013961
27.360097,0.611921,51.127596,1.961507
27.363093,0.568186,51.137356,1.908381
27.365869,0.524630,51.146848,1.854642
27.368426,0.481245,51.156069,1.800349
27.370765,0.438024,51.165016,1.745557
27.372886,0.394957,51.173687,1.690325
27.374791,0.352037,51.182080,1.634707
27.376479,0.309253,51.190193,1.578759
27.377953,0.266598,51.198024,1.522534
27.379211,0.224063,51.205572,1.466086
27.380256,0.181638,51.212836,1.409468
27.381087,0.139315,51.219815,1.352732
27.381706,0.097084,51.226509,1.295929
27.382111,0.054937,51.232916,1.239111
27.382305,0.012865,51.239038,1.182328
27.382287,-0.029141,51.244875,1.125629
27.382057,-0.071091,51.250426,1.069065
27.381616,-0.112992,51.255693,1.012684
27.380965,-0.154853,51.260676,0.956534
27.380102,-0.196683,51.265378,0.900665
27.379029,-0.238490,51.269799,0.845123
27.377745,-0.280283,51.273940,0.789957
27.376251,-0.322069,51.277805,0.735213
27.374546,-0.363856,51.281395,0.680939
27.372631,-0.405653,51.284712,0.627181
27.370506,-0.447466,51.287760,0.573987
27.368170,-0.489303,51.290541,0.521401
27.365623,-0.531171,51.293057,0.469472
27.362865,-0.573076,51.295314,0.418244
27.359896,-0.615025,51.297313,0.367764
27.356716,-0.657025,51.299060,0.318078
27.353324,-0.699081,51.300557,0.269231
27.349721,-0.741198,51.301810,0.221270
27.345905,-0.783383,51.302822,0.174240
27.341877,-0.825640,51.303599,0.128186
27.337635,-0.867973,51.304146,0.083155
27.333181,-0.910387,51.304467,0.039192
27.328513,-0.952886,51.304568,-0.003658
27.323630,-0.995473,51.304455,-0.045349
27.318533,-1.038151,51.304134,-0.085836
27.313221,-1.080923,51.303610,-0.125074
27.307693,-1.123791,51.302890,-0.163017
27.301949,-1.166758,51.301981,-0.199620
27.295989,-1.209823,51.300890,-0.234839
27.289812,-1.252989,51.299623,-0.268628
27.283417,-1.296255,51.298187,-0.300945
27.276804,-1.339622,51.296591,-0.331744
27.269973,-1.383090,51.294842,-0.360982
27.262922,-1.426656,51.292947,-0.388616
27.255652,-1.470320,51.290915,-0.414603
27.248162,-1.514081,51.288755,-0.438901
27.240451,-1.557934,51.286474,-0.461468
27.232519,-1.601878,51.284082,-0.482265
27.224366,-1.645909,51.281587,-0.501250
27.215991,-1.690023,51.278999,-0.518386
27.207393,-1.734216,51.276328,-0.533635
27.198573,-1.778483,51.273581,-0.546960
27.189530,-1.822819,51.270770,-0.558326
27.180263,-1.867217,51.267904,-0.567699
27.170772,-1.911672,51.264994,-0.575048
27.161058,-1.956177,51.262049,-0.580342
27.151119,-2.000724,51.259080,-0.583554
27.140956,-2.045307,51.256097,-0.584657
27.130568,-2.089917,51.253112,-0.583628
27.119955,-2.134547,51.250134,-0.580446
27.109118,-2.179187,51.247175,-0.575092
27.098055,-2.223829,51.244246,-0.567551
27.086768,-2.268464,51.241358,-0.557811
27.075256,-2.313082,51.238521,-0.545863
27.063519,-2.357675,51.235747,-0.531701
27.051557,-2.402232,51.233048,-0.515325
27.039371,-2.446745,51.230434,-0.496736
27.026961,-2.491202,51.227916,-0.475943
27.014327,-2.535596,51.225506,-0.452955
27.001470,-2.579916,51.223214,-0.427790
26.988389,-2.624153,51.221052,-0.400468
26.975085,-2.668297,51.219030,-0.371016
26.961560,-2.712341,51.217160,-0.339465
26.947812,-2.756275,51.215451,-0.305853
26.933843,-2.800092,51.213914,-0.270222
26.919654,-2.843783,51.212559,-0.232623
26.905245,-2.887342,51.211396,-0.193110
26.890617,-2.930762,51.210435,-0.151744
26.875770,-2.974038,51.209685,-0.108596
26.860706,-3.017164,51.209154,-0.063739
26.845424,-3.060137,51.208852,-0.017255
26.829926,-3.102952,51.208786,0.030766
26.814213,-3.145608,51.208964,0.080229
26.798286,-3.188104,51.209394,0.131030
26.782144,-3.230439,51.210081,0.183059
26.765790,-3.272613,51.211032,0.236197
26.749224,-3.314629,51.212253,0.290320
26.732446,-3.356491,51.213748,0.345294
26.715458,-3.398201,51.215521,0.400979
26.698260,-3.439767,51.217576,0.457229
26.680853,-3.481194,51.219915,0.513887
26.663238,-3.522492,51.222541,0.570791
26.645415,-3.563668,51.225454,0.627772
26.627385,-3.604736,51.228655,0.684651
26.609149,-3.645705,51.232143,0.741246
26.590707,-3.686590,51.235916,0.797363
26.572059,-3.727406,51.239972,0.852806
26.553207,-3.768167,51.244307,0.907368
26.534149,-3.808891,51.248917,0.960836
26.514887,-3.849596,51.253795,1.012993
26.495420,-3.890301,51.258934,1.063612
26.475748,-3.931026,51.264328,1.112462
26.455872,-3.971793,51.269966,1.159304
26.435791,-4.012623,51.275839,1.203894
26.415504,-4.053540,51.281934,1.245982
26.395012,-4.094567,51.288239,1.285312
26.374314,-4.135727,51.294740,1.321622
26.353409,-4.177046,51.301421,1.354647
26.332296,-4.218550,51.308265,1.384112
26.310975,-4.260262,51.315255,1.409743
26.289443,-4.302209,51.322369,1.431257
26.267701,-4.344416,51.329589,1.448368
26.245747,-4.386908,51.336890,1.460786
26.223579,-4.429711,51.344249,1.468217
26.201196,-4.472848,51.351641,1.470363
26.178595,-4.516342,51.359039,1.466923
26.155777,-4.560217,51.366413,1.457592
26.132737,-4.604492,51.373736,1.442063
26.109475,-4.649188,51.380973,1.420028
26.085988,-4.694320,51.388094,1.391175
26.062275,-4.739904,51.395062,1.355192
26.038332,-4.785951,51.401842,1.311765
26.014158,-4.832469,51.408396,1.260581
25.989750,-4.879464,51.414685,1.201328
25.965105,-4.926935,51.420668,1.133694
25.940222,-4.974877,51.426301,1.057369
25.915099,-5.023279,51.431542,0.972048
25.889732,-5.072125,51.436344,0.877431
25.864119,-5.121391,51.440661,0.773222
25.838260,-5.171045,51.444443,0.659135
25.812151,-5.221048,51.447642,0.534893
25.785791,-5.271348,51.450205,0.400231
25.759179,-5.321889,51.452080,0.254897
25.732313,-5.372599,51.453212,0.098658
25.705194,-5.423396,51.453548,-0.068700
25.677819,-5.474189,51.453031,-0.247368
25.650191,-5.524870,51.451603,-0.437512
25.622309,-5.575321,51.449208,-0.639266
25.594174,-5.625409,51.445785,-0.852731
25.565789,-5.674988,51.441278,-1.077974
25.537156,-5.723899,51.435625,-1.315017
25.508280,-5.771968,51.428769,-1.563839
25.479163,-5.819009,51.420649,-1.824373
25.449813,-5.864823,51.411208,-2.096499
25.420234,-5.909199,51.400386,-2.380044
25.390435,-5.951916,51.388127,-2.674777
25.360424,-5.992742,51.374375,-2.980412
25.330211,-6.031437,51.359076,-3.296601
25.299807,-6.067757,51.342176,-3.622939
25.269223,-6.101450,51.323626,-3.958958
25.238474,-6.132264,51.303376,-4.304135
25.207573,-6.159946,51.281382,-4.657887
25.176538,-6.184245,51.257601,-5.019579
25.145385,-6.204914,51.231994,-5.388523
25.114132,-6.221717,51.204525,-5.763982
25.082800,-6.234425,51.175162,-6.145178
25.051409,-6.242825,51.143877,-6.531292
25.019980,-6.246717,51.110646,-6.921469
24.988537,-6.245926,51.075449,-7.314826
24.957103,-6.240297,51.038272,-7.710453
24.925703,-6.229702,50.999103,-8.107419
24.894362,-6.214042,50.957938,-8.504775
24.863105,-6.193254,50.914775,-8.901558
24.831958,-6.167311,50.869617,-9.296794
24.800948,-6.136224,50.822474,-9.689496
24.770099,-6.100051,50.773359,-10.078670
24.739437,-6.058896,50.722291,-10.463309
24.708988,-6.012911,50.669293,-10.842392
24.678775,-5.962302,50.614395,-11.214884
24.648822,-5.907326,50.557630,-11.579730
24.619150,-5.848299,50.499039,-11.935846
24.589780,-5.785587,50.438665,-12.282122
24.560730,-5.719614,50.376560,-12.617410
24.532015,-5.650855,50.312779,-12.940522
24.503650,-5.579834,50.247385,-13.250226
24.475645,-5.507118,50.180446,-13.545251
24.448009,-5.433313,50.112037,-13.824282
24.420747,-5.359055,50.042239,-14.085973
24.393860,-5.285002,49.971141,-14.328958
24.367347,-5.211821,49.898837,-14.551868
24.341204,-5.140181,49.825430,-14.753355
24.315421,-5.070738,49.751028,-14.932119
24.289987,-5.004122,49.675746,-15.086944
24.264889,-4.940928,49.599705,-15.216732
24.240107,-4.881699,49.523033,-15.320542
24.215622,-4.826920,49.445859,-15.397627
24.191411,-4.777004,49.368319,-15.447471
24.167450,-4.732285,49.290549,-15.469814
24.143711,-4.693013,49.212689,-15.464675
24.120168,-4.659349,49.134875,-15.432370
24.096791,-4.631361,49.057244,-15.373505
24.073553,-4.609028,48.979930,-15.288972
24.050425,-4.592243,48.903059,-15.179929
24.027378,-4.580818,48.826755,-15.047769
24.004387,-4.574487,48.751132,-14.894080
23.981425,-4.572925,48.676298,-14.720607
23.958469,-4.575749,48.602349,-14.529198
23.935497,-4.582533,48.529377,-14.321766
23.912489,-4.592819,48.457458,-14.100233
23.889428,-4.606130,48.386663,-13.866500
23.866298,-4.621979,48.317052,-13.622400
23.843088,-4.639878,48.248675,-13.369678
23.819786,-4.659352,48.181575,-13.109964
23.796387,-4.679939,48.115785,-12.844758
23.772883,-4.701206,48.051332,-12.575424
23.749272,-4.722745,47.988235,-12.303184
23.725553,-4.744184,47.926509,-12.029121
23.701727,-4.765183,47.866161,-11.754185
23.677795,-4.785442,47.807196,-11.479201
23.653762,-4.804696,47.749612,-11.204880
23.629632,-4.822716,47.693405,-10.931829
23.605413,-4.839308,47.638570,-10.660564
23.581111,-4.854314,47.585096,-10.391520
23.556735,-4.867604,47.532972,-10.125064
23.532293,-4.879080,47.482184,-9.861504
23.507794,-4.888667,47.432718,-9.601096
23.483248,-4.896318,47.384557,-9.344054
23.458665,-4.902005,47.337685,-9.090559
23.434053,-4.905720,47.292083,-8.840760
23.409425,-4.907470,47.247733,-8.594784
23.384788,-4.907279,47.204615,-8.352735
23.360153,-4.905181,47.162710,-8.114703
23.335530,-4.901223,47.121997,-7.880761
23.310927,-4.895460,47.082455,-7.650974
23.286355,-4.887953,47.044064,-7.425394
23.261820,-4.878771,47.006802,-7.204065
23.237333,-4.867987,46.970648,-6.987025
23.212900,-4.855678,46.935581,-6.774304
23.188529,-4.841923,46.901579,-6.565927
23.164229,-4.826804,46.868619,-6.361912
23.140004,-4.810404,46.836680,-6.162275
23.115862,-4.792807,46.805741,-5.967025
23.091809,-4.774095,46.775778,-5.776167
23.067850,-4.754354,46.746770,-5.589702
23.043990,-4.733665,46.718695,-5.407627
23.020234,-4.712111,46.691530,-5.229936
22.996587,-4.689772,46.665255,-5.056617
22.973051,-4.666727,46.639846,-4.887655
22.949631,-4.643054,46.615282,-4.723032
22.926330,-4.618829,46.591541,-4.562725
22.903150,-4.594125,46.568602,-4.406708
22.880093,-4.569015,46.546443,-4.254950
22.857163,-4.543568,46.525042,-4.107419
22.834359,-4.517851,46.504379,-3.964075
22.811684,-4.491931,46.484433,-3.824879
22.789138,-4.465871,46.465182,-3.689785
22.766723,-4.439731,46.446607,-3.558744
22.744438,-4.413571,46.428686,-3.431705
22.722283,-4.387448,46.411401,-3.308611
22.700259,-4.361416,46.394730,-3.189403
22.678364,-4.335527,46.378655,-3.074018
22.656599,-4.309831,46.363157,-2.962391
22.634961,-4.284377,46.348216,-2.854452
22.613450,-4.259211,46.333815,-2.750128
22.592064,-4.234375,46.319935,-2.649343
22.570801,-4.209912,46.306559,-2.552020
22.549660,-4.185862,46.293669,-2.458078
22.528639,-4.162262,46.281249,-2.367431
22.507734,-4.139147,46.269281,-2.279995
22.486944,-4.116552,46.257751,-2.195679
22.466266,-4.094507,46.246642,-2.114395
22.445698,-4.073043,46.235939,-2.036048
22.425235,-4.052189,46.225628,-1.960545
22.404876,-4.031969,46.215695,-1.887790
22.384616,-4.012409,46.206125,-1.817685
22.364453,-3.993531,46.196906,-1.750133
22.344383,-3.975357,46.188025,-1.685034
22.324403,-3.957906,46.179470,-1.622289
22.304508,-3.941196,46.171229,-1.561798
22.284696,-3.925243,46.163291,-1.503460
22.264962,-3.910062,46.155645,-1.447175
22.245302,-3.895668,46.148281,-1.392842
22.225713,-3.882072,46.141190,-1.340363
22.206190,-3.869285,46.134362,-1.289638
22.186730,-3.857316,46.127788,-1.240569
22.167328,-3.846175,46.121461,-1.193060
22.147980,-3.835869,46.115373,-1.147013
22.128682,-3.826404,46.109516,-1.102336
22.109429,-3.817785,46.103883,-1.058935
22.090218,-3.810017,46.098470,-1.016720
22.071044,-3.803102,46.093268,-0.975601
22.051902,-3.797045,46.088274,-0.935492
22.032790,-3.791845,46.083483,-0.896308
22.013701,-3.787505,46.078889,-0.857967
21.994632,-3.784025,46.074488,-0.820391
21.975579,-3.781404,46.070278,-0.783502
21.956537,-3.779642,46.066254,-0.747226
21.937502,-3.778738,46.062414,-0.711493
21.918470,-3.778688,46.058755,-0.676235
21.899436,-3.779493,46.055275,-0.641387
21.880396,-3.781147,46.051971,-0.606889
21.861346,-3.783650,46.048843,-0.572683
21.842282,-3.786998,46.045888,-0.538715
21.823199,-3.791187,46.043106,-0.504934
21.804093,-3.796214,46.040496,-0.471293
21.784959,-3.802075,46.038057,-0.437751
21.765795,-3.808768,46.035789,-0.404269
21.746595,-3.816288,46.033691,-0.370812
21.727356,-3.824632,46.031763,-0.337349
21.708072,-3.833797,46.030007,-0.303855
21.688741,-3.843779,46.028421,-0.270308
21.669358,-3.854575,46.027006,-0.236691
21.649920,-3.866183,46.025762,-0.202991
21.630421,-3.878601,46.024691,-0.169201
21.610857,-3.891825,46.023792,-0.135317
21.591226,-3.905855,46.023066,-0.101342
21.571523,-3.920689,46.022513,-0.067284
21.551743,-3.936326,46.022134,-0.033154
21.531883,-3.952767,46.021930,0.001030
21.511939,-3.970011,46.021900,0.035245
21.491907,-3.988060,46.022044,0.069461
21.471782,-4.006915,46.022363,0.103644
21.451561,-4.026579,46.022857,0.137753
21.431239,-4.047055,46.023525,0.171741
21.410813,-4.068346,46.024366,0.205557
21.390279,-4.090458,46.025379,0.239139
21.369632,-4.113396,46.026564,0.272421
21.348868,-4.137167,46.027919,0.305332
21.327982,-4.161778,46.029441,0.337789
21.306972,-4.187237,46.031128,0.369707
21.285832,-4.213555,46.032979,0.400989
21.264559,-4.240741,46.034988,0.431534
21.243147,-4.268807,46.037153,0.461230
21.221593,-4.297765,46.039469,0.489957
21.199891,-4.327630,46.041932,0.517589
21.178038,-4.358417,46.044534,0.543987
21.156029,-4.390141,46.047271,0.569007
21.133859,-4.422819,46.050135,0.592492
21.111522,-4.456470,46.053118,0.614276
21.089016,-4.491114,46.056211,0.634184
21.066333,-4.526770,46.059405,0.652028
21.043470,-4.563460,46.062689,0.667612
21.020421,-4.601208,46.066052,0.680725
20.997180,-4.640036,46.069480,0.691146
20.973743,-4.679970,46.072961,0.698641
20.950104,-4.721034,46.076478,0.702965
20.926256,-4.763255,46.080017,0.703857
20.902195,-4.806661,46.083559,0.701043
20.877913,-4.851277,46.087085,0.694235
20.853406,-4.897132,46.090576,0.683132
20.828667,-4.944254,46.094008,0.667414
20.803689,-4.992670,46.097359,0.646749
20.778466,-5.042407,46.100603,0.620788
20.752991,-5.093491,46.103713,0.589164
20.727258,-5.145947,46.106661,0.551496
20.701259,-5.199799,46.109415,0.507385
20.674988,-5.255067,46.111942,0.456413
20.648437,-5.311771,46.114208,0.398150
20.621599,-5.369924,46.116176,0.332143
